{
	"IcoMoonType": "selection",
	"icons": [
		{
			"icon": {
				"paths": [
					"M54.286 517.143v-169.143h145.714v-124.571q0-106.286 59.429-164.857t158.286-58.571q84 0 130.286 6.857v150.857h-89.714q-49.143 0-66.286 20.571t-17.143 61.714v108h167.429l-22.286 169.143h-145.143v433.714h-174.857v-433.714h-145.714z"
				],
				"attrs": [
					{}
				],
				"width": 585,
				"grid": 14
			},
			"attrs": [
				{}
			],
			"properties": {
				"order": 1,
				"id": 0,
				"prevSize": 28,
				"code": 58887,
				"name": "uniE607",
				"ligatures": ""
			},
			"setIdx": 0,
			"iconIdx": 0
		},
		{
			"icon": {
				"paths": [
					"M585.574 231.219c-21.402 20.89-230.502 240.435-230.502 240.435-11.418 11.162-17.101 25.754-17.101 40.346s5.683 29.184 17.101 40.346c0 0 209.101 219.546 230.502 240.384 21.402 20.89 59.904 22.323 82.739 0 22.784-22.272 24.576-53.35-0.051-80.64l-191.846-200.090 191.846-200.090c24.627-27.341 22.835-58.419 0.051-80.691-22.886-22.272-61.389-20.89-82.739-0z"
				],
				"tags": [
					"arrow-left",
					"left",
					"previous"
				],
				"grid": 20
			},
			"properties": {
				"id": 205,
				"order": 5,
				"prevSize": 20,
				"code": 58880,
				"name": "arrow-left",
				"ligatures": ""
			},
			"setIdx": 4,
			"iconIdx": 205
		},
		{
			"icon": {
				"paths": [
					"M792.73 438.426c-20.838 21.402-240.384 230.554-240.384 230.554-11.162 11.418-25.754 17.101-40.346 17.101-14.643 0-29.235-5.683-40.346-17.101 0 0-219.546-209.152-240.435-230.554-20.838-21.402-22.272-59.853 0-82.739 22.323-22.835 53.402-24.627 80.691 0l200.090 191.898 200.038-191.846c27.341-24.627 58.47-22.835 80.691 0 22.323 22.835 20.941 61.338 0 82.688z"
				],
				"tags": [
					"arrow-down",
					"down",
					"bottom"
				],
				"grid": 20
			},
			"properties": {
				"id": 206,
				"order": 2,
				"prevSize": 20,
				"code": 58881,
				"name": "arrow-down",
				"ligatures": ""
			},
			"setIdx": 4,
			"iconIdx": 206
		},
		{
			"icon": {
				"paths": [
					"M792.73 585.574c-20.838-21.402-240.384-230.502-240.384-230.502-11.162-11.418-25.754-17.152-40.346-17.152-14.643 0-29.235 5.734-40.346 17.152 0 0-219.546 209.101-240.435 230.502-20.838 21.402-22.272 59.904 0 82.739 22.323 22.784 53.402 24.627 80.691 0l200.090-191.846 200.038 191.846c27.341 24.627 58.47 22.784 80.691 0 22.323-22.886 20.941-61.389 0-82.739z"
				],
				"tags": [
					"arrow-up",
					"up",
					"top"
				],
				"grid": 20
			},
			"properties": {
				"id": 207,
				"order": 6,
				"prevSize": 20,
				"code": 58882,
				"name": "arrow-up",
				"ligatures": ""
			},
			"setIdx": 4,
			"iconIdx": 207
		},
		{
			"icon": {
				"paths": [
					"M438.426 231.219c21.402 20.89 230.502 240.435 230.502 240.435 11.469 11.162 17.152 25.754 17.152 40.346s-5.683 29.184-17.152 40.346c0 0-209.101 219.546-230.502 240.384-21.402 20.89-59.853 22.323-82.739 0-22.835-22.272-24.627-53.35 0-80.64l191.898-200.090-191.846-200.090c-24.627-27.341-22.835-58.419 0-80.691 22.835-22.272 61.338-20.89 82.688-0z"
				],
				"tags": [
					"arrow-right",
					"right",
					"next"
				],
				"grid": 20
			},
			"properties": {
				"id": 208,
				"order": 7,
				"prevSize": 20,
				"code": 58883,
				"name": "arrow-right",
				"ligatures": ""
			},
			"setIdx": 4,
			"iconIdx": 208
		},
		{
			"icon": {
				"paths": [
					"M737.229 891.802c13.722 13.875 13.722 36.25 0 50.125s-35.891 13.875-49.613 0l-400.896-404.838c-13.722-13.875-13.722-36.301 0-50.125l400.896-404.89c13.722-13.875 35.891-13.875 49.613 0s13.722 36.25 0 50.125l-365.568 379.802 365.568 379.802z"
				],
				"tags": [
					"arrow-left",
					"previous",
					"left"
				],
				"grid": 20
			},
			"properties": {
				"id": 213,
				"order": 4,
				"prevSize": 20,
				"code": 58884,
				"name": "arrow-left2",
				"ligatures": ""
			},
			"setIdx": 4,
			"iconIdx": 213
		},
		{
			"icon": {
				"paths": [
					"M132.198 286.771c-13.875-13.722-36.301-13.722-50.125 0-13.824 13.67-13.824 35.891 0 49.613l404.89 400.896c13.875 13.722 36.25 13.722 50.125 0l404.89-400.896c13.824-13.722 13.875-35.891 0-49.613s-36.352-13.722-50.125-0.051l-379.853 365.619-379.802-365.568z"
				],
				"tags": [
					"arrow-down",
					"down",
					"bottom"
				],
				"grid": 20
			},
			"properties": {
				"id": 214,
				"order": 1,
				"prevSize": 20,
				"code": 58885,
				"name": "arrow-down2",
				"ligatures": ""
			},
			"setIdx": 4,
			"iconIdx": 214
		},
		{
			"icon": {
				"paths": [
					"M891.802 737.229c13.875 13.722 36.301 13.722 50.125 0 13.875-13.722 13.875-35.891 0-49.613l-404.89-400.896c-13.824-13.722-36.25-13.722-50.074 0l-404.89 400.896c-13.824 13.722-13.875 35.891 0 49.613s36.25 13.722 50.125 0l379.802-365.619 379.802 365.619z"
				],
				"tags": [
					"arrow-up",
					"up",
					"top"
				],
				"grid": 20
			},
			"properties": {
				"id": 215,
				"order": 3,
				"prevSize": 20,
				"code": 58886,
				"name": "arrow-up2",
				"ligatures": ""
			},
			"setIdx": 4,
			"iconIdx": 215
		}
	],
	"height": 1024,
	"metadata": {
		"name": "usignite"
	},
	"preferences": {
		"fontPref": {
			"prefix": "icon-",
			"metadata": {
				"fontFamily": "usignite",
				"majorVersion": 1,
				"minorVersion": 0
			},
			"showGlyphs": true,
			"metrics": {
				"emSize": 512,
				"baseline": 6.25,
				"whitespace": 50
			},
			"resetPoint": 58880,
			"showQuickUse": true,
			"quickUsageToken": false,
			"showMetrics": true,
			"showMetadata": false
		},
		"imagePref": {
			"color": 0,
			"height": 32,
			"columns": 16,
			"margin": 16,
			"png": false,
			"sprites": true
		},
		"historySize": 100,
		"showCodes": true,
		"gridSize": 16,
		"showLiga": false,
		"showGrid": true,
		"showGlyphs": true,
		"showQuickUse": true,
		"search": ""
	}
}